,Date,Adj Close,daily_return
0,2017-01-03,13.63971996307373,
1,2017-01-04,13.621142387390135,-0.0013620203152183707
2,2017-01-05,13.714016914367676,0.00681840952367696
3,2017-01-06,13.744975090026855,0.0022574112203950225
4,2017-01-09,13.738784790039062,-0.0004503682216407956
5,2017-01-10,13.769744873046875,0.002253480455582934
6,2017-01-11,13.819272994995115,0.0035968801459196342
7,2017-01-12,13.600714683532715,-0.015815471012227245
8,2017-01-13,13.519533157348633,-0.005968916198379914
9,2017-01-17,13.613199234008787,0.0069282034793665135
10,2017-01-18,13.65067195892334,0.002752675860420606
11,2017-01-19,13.575732231140135,-0.005489819695961407
12,2017-01-20,13.53826904296875,-0.002759570351973495
13,2017-01-23,13.58198070526123,0.003228748236110857
14,2017-01-24,13.588223457336426,0.00045963488026279354
15,2017-01-25,13.544513702392578,-0.0032167380144346724
16,2017-01-26,13.494562149047852,-0.003687954727817466
17,2017-01-27,13.425864219665527,-0.005090786097655786
18,2017-01-30,13.319706916809082,-0.00790692510512292
19,2017-01-31,13.126126289367676,-0.014533399920167443
20,2017-02-01,13.238527297973633,0.008563151544336733
21,2017-02-02,13.338438987731935,0.0075470395996082296
22,2017-02-03,13.400885581970215,0.0046817018315048475
23,2017-02-06,13.507041931152346,0.007921592086791218
24,2017-02-07,13.482067108154295,-0.0018490223933079755
25,2017-02-08,13.594470977783205,0.008337287504000424
26,2017-02-09,13.588223457336426,-0.0004595633369617325
27,2017-02-10,13.594470977783205,0.00045977463252611095
28,2017-02-13,13.701562881469727,0.007877607290606381
29,2017-02-14,13.60706615447998,-0.006896784535255107
30,2017-02-15,13.537769317626953,-0.005092709630886261
31,2017-02-16,13.865348815917967,0.024197450156318245
32,2017-02-17,13.67636489868164,-0.013629943230809016
33,2017-02-21,13.796053886413574,0.008751520496756537
34,2017-02-22,13.833850860595705,0.002739694588997921
35,2017-02-23,13.92204761505127,0.0063754304816732174
36,2017-02-24,14.117329597473145,0.014026814720181855
37,2017-02-27,14.129927635192873,0.0008923810719827507
38,2017-02-28,14.167731285095215,0.002675431246242699
39,2017-03-01,14.199223518371582,0.002222814128998829
40,2017-03-02,14.205528259277346,0.00044402011825539495
41,2017-03-03,14.066937446594238,-0.009756118192408405
42,2017-03-06,14.073236465454102,0.0004477889294509652
43,2017-03-07,13.997642517089846,-0.0053714686419018545
44,2017-03-08,13.682659149169922,-0.02250260124412795
45,2017-03-09,13.493675231933596,-0.013811929039231452
46,2017-03-10,13.789749145507812,0.021941680712274758
47,2017-03-13,13.71349811553955,-0.005529544385736829
48,2017-03-14,13.54192066192627,-0.012511574520789659
49,2017-03-15,13.821529388427734,0.02064764175495415
50,2017-03-16,13.929560661315918,0.007816159113233523
51,2017-03-17,14.06935977935791,0.010036146971255988
52,2017-03-20,13.986750602722168,-0.005871566150219776
53,2017-03-21,14.06935977935791,0.0059062450587819
54,2017-03-22,14.12655258178711,0.004065060765104045
55,2017-03-23,14.183746337890625,0.0040486704574513865
56,2017-03-24,14.056654930114744,-0.008960355377786722
57,2017-03-27,14.164688110351562,0.007685553979515314
58,2017-03-28,14.495129585266113,0.023328538711209882
59,2017-03-29,14.69848346710205,0.014029117893684884
60,2017-03-30,14.520547866821287,-0.01210571149595241
61,2017-03-31,14.431581497192385,-0.006126929262234349
62,2017-04-03,14.501482963562012,0.004843645610373759
63,2017-04-04,14.685770988464355,0.012708219246638786
64,2017-04-05,14.60951328277588,-0.005192625279828666
65,2017-04-06,14.685770988464355,0.005219729378553639
66,2017-04-07,14.64128875732422,-0.003028934005240513
67,2017-04-10,14.844642639160154,0.013889069822095257
68,2017-04-11,14.96537971496582,0.00813337705329209
69,2017-04-12,14.862870216369627,-0.006849775986217055
70,2017-04-13,14.933344841003418,0.0047416564639157785
71,2017-04-17,15.151165008544922,0.014586160693444985
72,2017-04-18,15.119136810302734,-0.002113909935250846
73,2017-04-19,15.080695152282715,-0.002542582853924835
74,2017-04-20,15.09991455078125,0.00127443717311837
75,2017-04-21,15.21522617340088,0.007636574513838256
76,2017-04-24,15.336947441101074,0.007999964398359483
77,2017-04-25,15.413829803466795,0.0050128855602442615
78,2017-04-26,15.612428665161133,0.012884459230870116
79,2017-04-27,15.708518981933596,0.0061547321581609795
80,2017-04-28,15.420231819152832,-0.01835228153031632
81,2017-05-01,15.638055801391602,0.014125856523649729
82,2017-05-02,16.009626388549805,0.02376066384960329
83,2017-05-03,16.24025535583496,0.014405643310333891
84,2017-05-04,16.016027450561527,-0.013806919925853922
85,2017-05-05,16.23384666442871,0.013600077456132677
86,2017-05-08,16.23384666442871,0.0
87,2017-05-09,15.875088691711426,-0.022099381627361803
88,2017-05-10,16.067285537719727,0.012106820298185106
89,2017-05-11,16.022096633911133,-0.0028124790402528355
90,2017-05-12,15.9446382522583,-0.004834472255577982
91,2017-05-15,16.112464904785153,0.010525585458364572
92,2017-05-16,16.164113998413086,0.003205536454735425
93,2017-05-17,16.047920227050778,-0.007188378612877576
94,2017-05-18,16.177017211914062,0.008044468257368155
95,2017-05-19,16.235124588012695,0.003591970963339186
96,2017-05-22,16.37713623046875,0.008747185257876655
97,2017-05-23,16.506244659423828,0.007883455760408166
98,2017-05-24,16.577255249023438,0.004302043927300492
99,2017-05-25,16.699907302856445,0.007398815545186955
100,2017-05-26,16.725723266601562,0.0015458746732506243
101,2017-05-30,16.686992645263672,-0.002315632078836893
102,2017-05-31,16.77736473083496,0.005415720345327779
103,2017-06-01,16.783823013305664,0.0003849402200115648
104,2017-06-02,16.854829788208008,0.0042306675211036815
105,2017-06-05,16.77736473083496,-0.004596015406055476
106,2017-06-06,16.77091407775879,-0.0003844854766921202
107,2017-06-07,16.803192138671875,0.0019246452974135406
108,2017-06-08,16.861289978027347,0.0034575477609257717
109,2017-06-09,16.964576721191403,0.006125672667906867
110,2017-06-12,17.158226013183597,0.011414920346954238
111,2017-06-13,17.24925422668457,0.0053052228960635
112,2017-06-14,17.353286743164062,0.006031131265869627
113,2017-06-15,17.52883529663086,0.010116155865167677
114,2017-06-16,17.78240203857422,0.014465692537603882
115,2017-06-19,17.827922821044922,0.002559878152116779
116,2017-06-20,17.78890037536621,-0.0021888386028150464
117,2017-06-21,17.72388458251953,-0.0036548517038587076
118,2017-06-22,17.704381942749023,-0.0011003592175127253
119,2017-06-23,17.756391525268555,0.0029376672220309268
120,2017-06-26,17.86691665649414,0.0062245265919205215
121,2017-06-27,16.904661178588867,-0.05385682915555101
122,2017-06-28,16.521059036254886,-0.02269209292522489
123,2017-06-29,16.31949806213379,-0.01220024537644826
124,2017-06-30,16.254480361938473,-0.003984050241482406
125,2017-07-03,16.49504280090332,0.01479976188769161
126,2017-07-05,16.521059036254886,0.0015772153892283927
127,2017-07-06,16.339000701904293,-0.011019773850518444
128,2017-07-07,16.22197151184082,-0.0071625671727789655
129,2017-07-10,16.31949806213379,0.006012003548507172
130,2017-07-11,16.547056198120114,0.01394394209429328
131,2017-07-12,16.625085830688473,0.004715620206645843
132,2017-07-13,16.57923698425293,-0.0027578111116221
133,2017-07-14,16.625085830688473,0.0027654376663468483
134,2017-07-17,16.69058609008789,0.003939844886605703
135,2017-07-18,16.277904510498047,-0.02472540972272541
136,2017-07-19,16.34995460510254,0.004426251214216581
137,2017-07-20,16.363059997558597,0.0008015552808915416
138,2017-07-21,16.500629425048828,0.008407316694478695
139,2017-07-24,16.415462493896484,-0.005161435297920014
140,2017-07-25,16.382719039916992,-0.0019946714258990412
141,2017-07-26,16.336864471435547,-0.0027989595847746074
142,2017-07-27,16.533380508422848,0.012028993527546385
143,2017-07-28,16.441665649414062,-0.005547253869954916
144,2017-07-31,16.54648208618164,0.00637504976701142
145,2017-08-01,16.703691482543945,0.009501076757191472
146,2017-08-02,16.756093978881836,0.003137180568298481
147,2017-08-03,16.795400619506836,0.0023458116595991285
148,2017-08-04,16.821596145629886,0.0015596845062824105
149,2017-08-07,16.89365577697754,0.004283757065846272
150,2017-08-08,16.985359191894528,0.005428275331734954
151,2017-08-09,16.985359191894528,0.0
152,2017-08-10,16.965703964233402,-0.001157186459177506
153,2017-08-11,17.025100708007812,0.003500989048236925
154,2017-08-14,17.117483139038086,0.005426248726201122
155,2017-08-15,17.256052017211914,0.00809516662282017
156,2017-08-16,17.28245735168457,0.0015302071671039474
157,2017-08-17,17.38143539428711,0.0057270815479772965
158,2017-08-18,17.361639022827152,-0.0011389376660148054
159,2017-08-21,17.374834060668945,0.0007600110694874207
160,2017-08-22,17.414430618286133,0.0022789603330268804
161,2017-08-23,17.38143539428711,-0.001894705874814884
162,2017-08-24,17.546405792236328,0.009491183795064416
163,2017-08-25,17.566205978393555,0.0011284468392944724
164,2017-08-28,17.51341438293457,-0.0030052929769762704
165,2017-08-29,17.401233673095707,-0.006405416293248646
166,2017-08-30,17.32864761352539,-0.004171316869478137
167,2017-08-31,17.427627563476562,0.005711925832799336
168,2017-09-01,17.579401016235348,0.008708784497831523
169,2017-09-05,17.242860794067386,-0.019144009619960992
170,2017-09-06,17.031696319580078,-0.012246487227917656
171,2017-09-07,17.031696319580078,0.0
172,2017-09-08,17.110883712768555,0.004649413170750405
173,2017-09-11,17.962135314941406,0.049749131398609585
174,2017-09-12,17.95553970336914,-0.00036719529480322416
175,2017-09-13,17.856557846069336,-0.0055126083055710975
176,2017-09-14,17.79673957824707,-0.003349932743920925
177,2017-09-15,17.544214248657227,-0.014189415340914781
178,2017-09-18,17.451179504394528,-0.005302873240380035
179,2017-09-19,17.48440170288086,0.001903722237110994
180,2017-09-20,17.411304473876953,-0.0041807109128511035
181,2017-09-21,17.324909210205078,-0.004962021300672692
182,2017-09-22,17.517631530761722,0.011124001760605129
183,2017-09-25,17.557504653930664,0.0022761709023804144
184,2017-09-26,17.670480728149414,0.006434631597461049
185,2017-09-27,17.770164489746094,0.005641259178528203
186,2017-09-28,17.810035705566406,0.0022437167558757576
187,2017-09-29,17.876493453979492,0.003731477550733553
188,2017-10-02,18.082502365112305,0.01152401121971458
189,2017-10-03,17.989463806152344,-0.005145225869814696
190,2017-10-04,17.949596405029297,-0.0022161528299365907
191,2017-10-05,17.956241607666016,0.000370214599079155
192,2017-10-06,17.743579864501953,-0.011843332686795159
193,2017-10-09,17.942951202392578,0.011236252177582841
194,2017-10-10,17.896432876586914,-0.002592568261538864
195,2017-10-11,17.989463806152344,0.005198294554393357
196,2017-10-12,17.942951202392578,-0.00258554697688429
197,2017-10-13,18.05002212524414,0.0059672972212778674
198,2017-10-16,18.15711212158203,0.005932956513561072
199,2017-10-17,18.17719268798828,0.0011059339322128103
200,2017-10-18,18.163801193237305,-0.0007367196343704974
201,2017-10-19,18.217342376708984,0.0029476860543713452
202,2017-10-20,18.15711212158203,-0.003306204268519353
203,2017-10-23,17.98979949951172,-0.009214715476225988
204,2017-10-24,17.936256408691406,-0.0029763028110327827
205,2017-10-25,17.59493064880371,-0.01902993312039736
206,2017-10-26,17.026058197021484,-0.0323316109132209
207,2017-10-27,17.012672424316403,-0.0007861932897318402
208,2017-10-30,16.939056396484375,-0.004327128977503092
209,2017-10-31,16.765037536621097,-0.010273232214953463
210,2017-11-01,16.765037536621097,0.0
211,2017-11-02,16.390256881713867,-0.022354895065911373
212,2017-11-03,16.36349105834961,-0.0016330325727914596
213,2017-11-06,16.135936737060547,-0.013906220896118038
214,2017-11-07,16.16939926147461,0.002073788770949214
215,2017-11-08,16.26978874206543,0.0062086091738737794
216,2017-11-09,16.26978874206543,0.0
217,2017-11-10,16.202861785888672,-0.0041135725385123
218,2017-11-13,16.437103271484375,0.014456797119611675
219,2017-11-14,16.619209289550778,0.011078960511389235
220,2017-11-15,16.45733642578125,-0.009740106219813027
221,2017-11-16,16.470830917358402,0.0008199681423546322
222,2017-11-17,16.565258026123047,0.005732989989298609
223,2017-11-20,16.74062156677246,0.010586224517171505
224,2017-11-21,16.99692153930664,0.015310063100816729
225,2017-11-22,17.226247787475586,0.013492222555632205
226,2017-11-24,17.165546417236328,-0.003523772036031603
227,2017-11-27,17.003664016723633,-0.009430658167114636
228,2017-11-28,17.206018447875973,0.011900636883516393
229,2017-11-29,17.219497680664062,0.0007834022048112121
230,2017-11-30,17.057628631591793,-0.009400335136026228
231,2017-12-01,17.179033279418945,0.00711732272106702
232,2017-12-04,17.340906143188473,0.00942269923671768
233,2017-12-05,17.307188034057614,-0.0019444260209033886
234,2017-12-06,17.334165573120114,0.0015587476723204485
235,2017-12-07,17.367889404296875,0.0019455122333120747
236,2017-12-08,17.307188034057614,-0.003495034360608273
237,2017-12-11,17.46905517578125,0.009352596239499356
238,2017-12-12,17.59721565246582,0.007336428638810898
239,2017-12-13,17.60395622253418,0.00038304753442153233
240,2017-12-14,17.59037208557129,-0.0007716525076052473
241,2017-12-15,17.800994873046875,0.011973753963303135
242,2017-12-18,17.576778411865234,-0.012595726406344545
243,2017-12-19,17.11477279663086,-0.02628499969724241
244,2017-12-20,17.237064361572266,0.007145380566517368
245,2017-12-21,17.325393676757812,0.005124382744805756
246,2017-12-22,17.271041870117188,-0.003137118131609218
247,2017-12-26,17.42051124572754,0.00865433462175602
248,2017-12-27,17.52242660522461,0.005850308183237951
249,2017-12-28,17.644723892211914,0.006979472064151171
250,2017-12-29,17.474864959716793,-0.00962661323196412
251,2018-01-02,17.338979721069336,-0.007776039412075608
252,2018-01-03,16.95170021057129,-0.02233577273450793
253,2018-01-04,17.019651412963867,0.004008518411044326
254,2018-01-05,17.121559143066403,0.005987650841362768
255,2018-01-08,17.277830123901367,0.009127146630115712
256,2018-01-09,17.189504623413086,-0.005112071357044723
257,2018-01-10,17.216684341430664,0.001581180994626008
258,2018-01-11,17.325393676757812,0.006314185308349264
259,2018-01-12,17.167951583862305,-0.009087360196999072
260,2018-01-16,16.928363800048828,-0.013955525366152964
261,2018-01-17,17.024200439453125,0.005661305518730675
262,2018-01-18,16.88044548034668,-0.008444153346156447
263,2018-01-19,16.962594985961914,0.004866548439783625
264,2018-01-22,16.948905944824222,-0.0008070133814442881
265,2018-01-23,17.03788948059082,0.005250104995347504
266,2018-01-24,17.051576614379886,0.000803335049488263
267,2018-01-25,16.962594985961914,-0.005218381292843799
268,2018-01-26,16.791460037231445,-0.010088960378532795
269,2018-01-29,16.319135665893555,-0.02812884468001076
270,2018-01-30,16.319135665893555,0.0
271,2018-01-31,16.024791717529293,-0.018036736405067755
272,2018-02-01,16.01109504699707,-0.0008547175385275053
273,2018-02-02,15.730445861816404,-0.01752841915914438
274,2018-02-05,15.23758029937744,-0.0313319512217598
275,2018-02-06,15.436094284057615,0.01302792049524326
276,2018-02-07,15.38133144378662,-0.003547713512449535
277,2018-02-08,15.28549861907959,-0.006230463536740283
278,2018-02-09,15.353955268859865,0.004478535603335
279,2018-02-12,15.566152572631836,0.013820367459474124
280,2018-02-13,15.696212768554688,0.008355320643042008
281,2018-02-14,15.70312213897705,0.00044019347368973166
282,2018-02-15,15.917092323303224,0.01362596446951625
283,2018-02-16,16.04133415222168,0.0078055606133891065
284,2018-02-20,15.551265716552734,-0.030550353918104237
285,2018-02-21,15.509846687316895,-0.002663386375795329
286,2018-02-22,15.52365016937256,0.0008899818504946033
287,2018-02-23,15.765239715576172,0.015562676533400488
288,2018-02-26,15.689312934875488,-0.0048160879295522365
289,2018-02-27,15.206143379211426,-0.030796093982550014
290,2018-02-28,14.785089492797852,-0.027689722233528613
291,2018-03-01,14.895525932312012,0.007469446807742086
292,2018-03-02,15.02668285369873,0.008805121885774314
293,2018-03-05,15.302772521972654,0.01837329442312452
294,2018-03-06,15.447728157043455,0.009472507995702316
295,2018-03-07,15.496047019958494,0.003127894433655465
296,2018-03-08,15.502939224243164,0.00044477177152302266
297,2018-03-09,15.57887363433838,0.0048980653924304285
298,2018-03-12,15.779044151306152,0.012848843996434043
299,2018-03-13,15.792847633361815,0.0008747983669543657
300,2018-03-14,15.77197265625,-0.0013217994370893216
301,2018-03-15,15.653640747070312,-0.0075026701959691735
302,2018-03-16,15.848530769348145,0.012450140221488493
303,2018-03-19,15.785889625549315,-0.0039524890168356475
304,2018-03-20,15.77197265625,-0.0008816081721989555
305,2018-03-21,15.737165451049805,-0.002206902456580284
306,2018-03-22,15.69540023803711,-0.00265392221633598
307,2018-03-23,15.62580108642578,-0.004434366155420477
308,2018-03-26,15.869414329528807,0.015590448243620212
309,2018-03-27,15.966861724853516,0.006140579185923922
310,2018-03-28,16.04341697692871,0.0047946336227131505
311,2018-03-29,16.203506469726562,0.00997851598746502
312,2018-04-02,16.1478271484375,-0.0034362513689916163
313,2018-04-03,16.273109436035153,0.007758461026737827
314,2018-04-04,16.314870834350586,0.0025662826443577647
315,2018-04-05,16.314870834350586,0.0
316,2018-04-06,16.363588333129886,0.0029860793428242442
317,2018-04-09,16.314870834350586,-0.002977189219595999
318,2018-04-10,16.342708587646484,0.0017062809493586515
319,2018-04-11,16.349664688110348,0.0004256393869204178
320,2018-04-12,16.286518096923828,-0.003862256039565137
321,2018-04-13,16.188278198242188,-0.0060319767612081465
322,2018-04-16,16.22336769104004,0.002167586470169569
323,2018-04-17,16.272485733032227,0.003027610723469909
324,2018-04-18,16.24441909790039,-0.001724790888884442
325,2018-04-19,15.991804122924805,-0.0155508777170269
326,2018-04-20,15.991804122924805,0.0
327,2018-04-23,15.942682266235352,-0.003071689492434193
328,2018-04-24,15.921640396118164,-0.0013198450402384099
329,2018-04-25,15.949702262878418,0.001762498465113893
330,2018-04-26,15.86549186706543,-0.005279747196847762
331,2018-04-27,15.949702262878418,0.0053077708853008785
332,2018-04-30,15.879530906677244,-0.0043995401948343504
333,2018-05-01,15.921640396118164,0.0026518094072420784
334,2018-05-02,15.893567085266113,-0.0017632172410385614
335,2018-05-03,15.991804122924805,0.0061809307584426145
336,2018-05-04,16.24441909790039,0.01579652758586847
337,2018-05-07,16.22336769104004,-0.0012959162610544086
338,2018-05-08,15.998819351196287,-0.013841043618074922
339,2018-05-09,15.823391914367676,-0.010965023916936323
340,2018-05-10,15.956714630126953,0.00842567235146463
341,2018-05-11,15.96373462677002,0.00043993997547664415
342,2018-05-14,16.013269424438473,0.0031029579748456104
343,2018-05-15,15.935429573059082,-0.004860959327930625
344,2018-05-16,15.935429573059082,0.0
345,2018-05-17,15.942506790161133,0.00044411837594982023
346,2018-05-18,16.055728912353516,0.007101902083695988
347,2018-05-21,16.168939590454098,0.0070511079701574
348,2018-05-22,16.161865234375,-0.0004375275224155484
349,2018-05-23,16.331695556640625,0.01050808924606117
350,2018-05-24,16.183094024658207,-0.009098965350354926
351,2018-05-25,16.246780395507812,0.0039353643223334345
352,2018-05-29,16.480291366577152,0.014372753578543175
353,2018-05-30,16.593507766723633,0.0068698057351150865
354,2018-05-31,16.395378112792972,-0.011940191110645482
355,2018-06-01,16.345840454101562,-0.003021440454170188
356,2018-06-04,16.409528732299805,0.0038962987787061203
357,2018-06-05,16.317543029785153,-0.005605627316620732
358,2018-06-06,16.21139907836914,-0.0065048979017406925
359,2018-06-07,16.21139907836914,0.0
360,2018-06-08,16.331695556640625,0.007420487133155351
361,2018-06-11,16.44491195678711,0.00693231145252704
362,2018-06-12,16.437835693359375,-0.0004303010831756549
363,2018-06-13,16.331695556640625,-0.006457062760496402
364,2018-06-14,16.353097915649414,0.0013104799152399151
365,2018-06-15,16.32455825805664,-0.0017452141325138284
366,2018-06-18,16.38163948059082,0.0034966472986188712
367,2018-06-19,16.395906448364258,0.0008709120836374318
368,2018-06-20,16.32455825805664,-0.004351585594386864
369,2018-06-21,16.360233306884766,0.0021853607469297653
370,2018-06-22,16.395906448364258,0.002180478774986616
371,2018-06-25,16.424448013305664,0.001740773834694176
372,2018-06-26,16.353097915649414,-0.0043441397603406475
373,2018-06-27,16.110511779785153,-0.014834261808712943
374,2018-06-28,16.310287475585938,0.012400332064649522
375,2018-06-29,16.274614334106445,-0.002187155899789573
376,2018-07-02,16.438714981079098,0.010083228001830369
377,2018-07-03,16.781192779541016,0.020833611316706246
378,2018-07-05,16.774053573608402,-0.0004254289922297483
379,2018-07-06,16.866806030273438,0.0055295195200144595
380,2018-07-09,16.84539794921875,-0.0012692433301398909
381,2018-07-10,16.75977897644043,-0.005082632837551393
382,2018-07-11,16.75977897644043,0.0
383,2018-07-12,16.652759552001953,-0.00638549139513811
384,2018-07-13,16.659955978393555,0.00043214617788289717
385,2018-07-16,16.609601974487305,-0.00302245720046046
386,2018-07-17,16.559247970581055,-0.0030316201425895084
387,2018-07-18,16.559247970581055,0.0
388,2018-07-19,16.645565032958984,0.0052126197114312775
389,2018-07-20,16.602409362792972,-0.0025926227244651434
390,2018-07-23,16.4945068359375,-0.006499208909839793
391,2018-07-24,16.501701354980472,0.00043617666866513366
392,2018-07-25,16.516084671020508,0.0008716262481440751
393,2018-07-26,16.890140533447266,0.022647974376341477
394,2018-07-27,16.918916702270508,0.0017037258373462374
395,2018-07-30,17.048404693603516,0.007653444579913905
396,2018-07-31,17.098758697509766,0.0029535903687893943
397,2018-08-01,16.933303833007812,-0.009676425489649755
398,2018-08-02,17.01243019104004,0.004672824559964983
399,2018-08-03,17.019620895385742,0.00042267355486291786
400,2018-08-06,16.947694778442386,-0.0042260704504208935
401,2018-08-07,16.811017990112305,-0.008064624134247245
402,2018-08-08,16.782241821289062,-0.0017117445737174775
403,2018-08-09,16.897335052490234,0.006858036752585228
404,2018-08-10,16.87575912475586,-0.0012768834651943894
405,2018-08-13,16.926109313964847,0.002983580699201127
406,2018-08-14,16.96236801147461,0.002142175548863312
407,2018-08-15,17.034889221191403,0.004275417775851498
408,2018-08-16,17.245197296142578,0.012345726010918323
409,2018-08-17,17.274208068847653,0.0016822522936030815
410,2018-08-20,17.201684951782227,-0.0041983468519297676
411,2018-08-21,17.274208068847653,0.004216047280758417
412,2018-08-22,17.245197296142578,-0.0016794270735567276
413,2018-08-23,17.19443702697754,-0.0029434438060267354
414,2018-08-24,17.11466407775879,-0.004639462699103758
415,2018-08-27,17.092906951904293,-0.0012712563773173982
416,2018-08-28,17.216192245483402,0.007212658088294076
417,2018-08-29,17.237951278686527,0.0012638702503355859
418,2018-08-30,17.187189102172848,-0.0029447917384731732
419,2018-08-31,17.056646347045902,-0.007595352233044417
420,2018-09-04,17.158170700073242,0.0059521872566070675
421,2018-09-05,17.36122703552246,0.01183438135676962
422,2018-09-06,17.310462951660153,-0.00292399170625679
423,2018-09-07,17.20893669128418,-0.005865022828071553
424,2018-09-10,17.201684951782227,-0.0004213938160180231
425,2018-09-11,17.19443702697754,-0.0004213497006254618
426,2018-09-12,16.984125137329098,-0.012231391427266149
427,2018-09-13,16.940618515014652,-0.002561605143783563
428,2018-09-14,16.852880477905273,-0.005179151931885785
429,2018-09-17,16.765140533447266,-0.005206228369864618
430,2018-09-18,16.662776947021484,-0.0061057398368693505
431,2018-09-19,16.575040817260742,-0.005265396640649733
432,2018-09-20,16.662776947021484,0.0052932677951160745
433,2018-09-21,16.706649780273438,0.0026329844894068533
434,2018-09-24,16.618913650512695,-0.005251569340032347
435,2018-09-25,16.589668273925778,-0.0017597646393701094
436,2018-09-26,16.421499252319336,-0.010136973134704295
437,2018-09-27,16.40688705444336,-0.0008898211820649314
438,2018-09-28,16.414186477661133,0.0004448999492439043
439,2018-10-01,16.304521560668945,-0.00668110583131465
440,2018-10-02,16.28989601135254,-0.000897024132967328
441,2018-10-03,16.165603637695312,-0.007630028673639599
442,2018-10-04,15.990131378173828,-0.010854667939050213
443,2018-10-05,15.821965217590332,-0.010516871725834598
444,2018-10-08,15.92432975769043,0.0064697740572892135
445,2018-10-09,15.946260452270508,0.0013771816405325765
446,2018-10-10,15.98281478881836,0.0022923453845034025
447,2018-10-11,15.704981803894045,-0.01738323246532814
448,2018-10-12,15.26976203918457,-0.02771221069492491
449,2018-10-15,15.38040828704834,0.0072461016471530035
450,2018-10-16,15.609090805053713,0.014868429611061941
451,2018-10-17,15.520563125610352,-0.005671546187347332
452,2018-10-18,15.36565399169922,-0.009980896482777557
453,2018-10-19,15.255003929138185,-0.007201129390314921
454,2018-10-22,15.181239128112793,-0.004835449493690192
455,2018-10-23,15.026328086853027,-0.010204110478234885
456,2018-10-24,15.100089073181152,0.004908783163909636
457,2018-10-25,15.712359428405762,0.04054746645912477
458,2018-10-26,15.80825424194336,0.006103145359839024
459,2018-10-29,15.918903350830078,0.006999451501300991
460,2018-10-30,15.985296249389648,0.004170695499329691
461,2018-10-31,16.06644058227539,0.005076185740932937
462,2018-11-01,16.184471130371097,0.0073464030499648105
463,2018-11-02,16.309873580932614,0.00774831933347464
464,2018-11-05,16.361513137817386,0.003166153105266467
465,2018-11-06,16.531171798706055,0.010369374730783587
466,2018-11-07,16.634441375732422,0.0062469604867605435
467,2018-11-08,16.597562789916992,-0.0022170017605298575
468,2018-11-09,16.671333312988278,0.0044446599783976035
469,2018-11-12,16.575428009033207,-0.005752707486230468
470,2018-11-13,16.649202346801758,0.00445082550678899
471,2018-11-14,16.492973327636722,-0.00938357381397592
472,2018-11-15,16.26235580444336,-0.01398277427678396
473,2018-11-16,16.388816833496097,0.007776304403460665
474,2018-11-19,16.411142349243164,0.0013622408483715542
475,2018-11-20,16.247478485107422,-0.00997272832401519
476,2018-11-21,16.247478485107422,0.0
477,2018-11-23,16.292112350463867,0.002747125678446372
478,2018-11-26,16.240036010742188,-0.0031964142280296315
479,2018-11-27,16.284673690795902,0.0027486195242540927
480,2018-11-28,16.292112350463867,0.0004567889912445722
481,2018-11-29,16.485536575317386,0.011872261907647008
482,2018-11-30,16.470661163330078,-0.0009023310778721874
483,2018-12-03,16.433464050292972,-0.002258386149058822
484,2018-12-04,16.277238845825195,-0.009506529115813069
485,2018-12-06,16.39626121520996,0.007312196528669324
486,2018-12-07,16.448339462280273,0.003176226969475282
487,2018-12-10,16.321868896484375,-0.0076889564497329985
488,2018-12-11,16.299545288085938,-0.0013677115372030535
489,2018-12-12,16.22515869140625,-0.004563722199910747
490,2018-12-13,16.321868896484375,0.00596050904139056
491,2018-12-14,16.29184913635254,-0.0018392354651434184
492,2018-12-17,15.751542091369627,-0.033164255356214145
493,2018-12-18,15.834091186523438,0.0052406992709010955
494,2018-12-19,15.69901180267334,-0.008530921178795836
495,2018-12-20,15.346308708190918,-0.022466579356438254
496,2018-12-21,15.27877140045166,-0.004400882910899018
497,2018-12-24,14.986099243164062,-0.019155477205382243
498,2018-12-26,15.541420936584473,0.03705578645982355
499,2018-12-27,15.578943252563475,0.002414342686689164
500,2018-12-28,15.676496505737305,0.006261865878340434
501,2018-12-31,15.383831024169922,-0.018669061767740858
502,2019-01-02,15.586444854736328,0.013170570467660124
503,2019-01-03,15.62397003173828,0.002407552033300897
504,2019-01-04,15.894124984741213,0.01729105678352849
505,2019-01-07,16.006689071655273,0.007082119149190325
506,2019-01-08,15.939152717590332,-0.0042192581965333495
507,2019-01-09,15.946649551391602,0.00047034079753793806
508,2019-01-10,15.901629447937012,-0.002823170052712487
509,2019-01-11,16.021699905395508,0.007550827281670447
510,2019-01-14,15.930838584899902,-0.005671141079418574
511,2019-01-15,15.635537147521973,-0.01853646534701769
512,2019-01-16,15.786972999572756,0.009685362940970998
513,2019-01-17,15.809687614440918,0.0014388201505619591
514,2019-01-18,15.627968788146973,-0.011494144016353623
515,2019-01-22,15.696109771728516,0.0043601945016185075
516,2019-01-23,15.930838584899902,0.014954585345355875
517,2019-01-24,15.961118698120115,0.0019007231200569574
518,2019-01-25,16.006547927856445,0.0028462434617242405
519,2019-01-28,15.991411209106445,-0.0009456579156369438
520,2019-01-29,15.900547981262207,-0.00568200183561629
521,2019-01-30,15.915692329406738,0.0009524419008941632
522,2019-01-31,15.915692329406738,0.0
523,2019-02-01,16.059555053710938,0.009039049092347096
524,2019-02-04,16.08984375,0.0018860233790887195
525,2019-02-05,16.097414016723633,0.00047049970411516817
526,2019-02-06,16.135271072387695,0.0023517476549173018
527,2019-02-07,16.059555053710938,-0.004692578038328121
528,2019-02-08,16.074697494506836,0.000942892922329186
529,2019-02-11,16.218559265136722,0.00894957872016233
530,2019-02-12,16.165557861328125,-0.003267947722244924
531,2019-02-13,16.150413513183597,-0.0009368280559470811
532,2019-02-14,16.10457420349121,-0.002838274676680408
533,2019-02-15,16.081659317016598,-0.0014228806167160268
534,2019-02-19,16.01289939880371,-0.0042756731042131735
535,2019-02-20,15.432281494140625,-0.036259386273697736
536,2019-02-21,15.531597137451172,0.006435577484006805
537,2019-02-22,15.60035228729248,0.004426791992661272
538,2019-02-25,15.462838172912598,-0.008814808271470742
539,2019-02-26,15.363520622253418,-0.0064229832549862476
540,2019-02-27,15.28712272644043,-0.00497268156768238
541,2019-02-28,15.317679405212402,0.0019988508837651686
542,2019-03-01,15.172526359558105,-0.009476177286025678
543,2019-03-04,15.180169105529785,0.0005037227018469537
544,2019-03-05,15.057933807373047,-0.00805230148010738
545,2019-03-06,14.966252326965332,-0.006088583040710582
546,2019-03-07,14.805818557739258,-0.010719702282248278
547,2019-03-08,14.836377143859865,0.0020639578961092475
548,2019-03-11,15.11905002593994,0.01905268916657743
549,2019-03-12,15.080851554870605,-0.002526512644894785
550,2019-03-13,15.1419677734375,0.004052570794462529
551,2019-03-14,15.111111640930176,-0.0020377888111380305
552,2019-03-15,15.141968727111815,0.002042012984541764
553,2019-03-18,15.22681999206543,0.005603714185572707
554,2019-03-19,15.04169464111328,-0.012157847209635196
555,2019-03-20,14.972268104553224,-0.004615606034860775
556,2019-03-21,15.049403190612793,0.0051518638005227935
557,2019-03-22,14.949124336242676,-0.006663311036325115
558,2019-03-25,15.07254409790039,0.008255986028459006
559,2019-03-26,15.11882495880127,0.0030705407527933377
560,2019-03-27,15.026262283325195,-0.006122345865390178
561,2019-03-28,15.064834594726562,0.0025669930867753266
562,2019-03-29,15.064834594726562,0.0
563,2019-04-01,15.157397270202635,0.006144287538906834
564,2019-04-02,15.103397369384766,-0.0035626103779720095
565,2019-04-03,15.141968727111815,0.002553819964058901
566,2019-04-04,15.24224090576172,0.006622136160562064
567,2019-04-05,15.29624080657959,0.0035427796445244297
568,2019-04-08,15.334806442260742,0.0025212492512907136
569,2019-04-09,15.311673164367676,-0.0015085471068818634
570,2019-04-10,15.334806442260742,0.0015108262594645259
571,2019-04-11,15.327098846435547,-0.0005026210049807744
572,2019-04-12,15.342676162719727,0.0010163251663117825
573,2019-04-15,15.350460052490234,0.0005073358577052378
574,2019-04-16,15.45949649810791,0.007103138618961945
575,2019-04-17,15.42834186553955,-0.002015242383357818
576,2019-04-18,15.389402389526367,-0.002523892479992185
577,2019-04-22,15.52179718017578,0.008602984527814828
578,2019-04-23,15.584104537963867,0.0040141845087156005
579,2019-04-24,15.68535614013672,0.006497107480651021
580,2019-04-25,14.968842506408693,-0.04568041855897453
581,2019-04-26,15.288153648376465,0.021331718991035142
582,2019-04-29,14.9766263961792,-0.020377035668420862
583,2019-04-30,14.859807968139648,-0.007800049553840282
584,2019-05-01,14.836438179016113,-0.0015726844635974846
585,2019-05-02,14.774136543273926,-0.004199231310807683
586,2019-05-03,14.867592811584473,0.006325667022015757
587,2019-05-06,14.805289268493652,-0.004190560225881046
588,2019-05-07,14.735197067260742,-0.004734267595977948
589,2019-05-08,14.563854217529295,-0.011628134252248512
590,2019-05-09,14.517125129699707,-0.003208566024599735
591,2019-05-10,14.735197067260742,0.015021702686497829
592,2019-05-13,14.501553535461426,-0.015856152498865073
593,2019-05-14,14.643183708190918,0.009766551727244721
594,2019-05-15,14.729735374450685,0.005910713679795787
595,2019-05-16,14.706130981445312,-0.0016024994614849408
596,2019-05-17,14.289104461669922,-0.028357323914872782
597,2019-05-20,14.289104461669922,0.0
598,2019-05-21,14.23402500152588,-0.003854647454764604
599,2019-05-22,14.139603614807127,-0.006633498726370868
600,2019-05-23,14.194682121276855,0.003895335963453039
601,2019-05-24,14.265496253967285,0.004988779043123781
602,2019-05-28,14.100259780883787,-0.011582946021772345
603,2019-05-29,13.919285774230955,-0.012834799462218771
604,2019-05-30,13.714707374572756,-0.014697478231026741
605,2019-05-31,13.691105842590332,-0.0017208921297279245
606,2019-06-03,14.163209915161133,0.034482537641494115
607,2019-06-04,14.2576265335083,0.006666329095786239
608,2019-06-05,14.202548027038574,-0.003863090840560357
609,2019-06-06,14.35205078125,0.010526474117658724
610,2019-06-07,14.296971321105955,-0.0038377414477938077
611,2019-06-10,14.344181060791016,0.00330207976394048
612,2019-06-11,14.336315155029295,-0.0005483691071930252
613,2019-06-12,14.462204933166506,0.008781180992177617
614,2019-06-13,14.564495086669922,0.007072929333813427
615,2019-06-14,14.65195369720459,0.0060049188120989685
616,2019-06-17,14.389599800109865,-0.017905727967511886
617,2019-06-18,14.453200340270994,0.004419896386600231
618,2019-06-19,14.556547164916992,0.00715044572917467
619,2019-06-20,14.588351249694824,0.0021848646122950566
620,2019-06-21,14.51679801940918,-0.004904819541354355
621,2019-06-24,14.596302032470705,0.0054766907244439
622,2019-06-25,14.667845726013185,0.004901494459577771
623,2019-06-26,14.532700538635256,-0.00921370390051568
624,2019-06-27,14.779146194458008,0.016958008263335156
625,2019-06-28,14.818902015686035,0.0026899944492690953
626,2019-07-01,14.731451988220215,-0.005901248781674418
627,2019-07-02,14.667845726013185,-0.004317718461010589
628,2019-07-03,14.850702285766602,0.012466490524175809
629,2019-07-05,14.985848426818848,0.009100319867146878
630,2019-07-08,14.914299964904785,-0.004774401814048646
631,2019-07-09,14.930203437805176,0.0010663237924550817
632,2019-07-10,15.01765251159668,0.005857192378911025
633,2019-07-11,14.977903366088867,-0.0026468281562060936
634,2019-07-12,14.79338550567627,-0.012319338421581729
635,2019-07-15,14.90570068359375,0.007592256544276755
636,2019-07-16,14.953835487365724,0.0032292882296338643
637,2019-07-17,14.99394702911377,0.002682358100163373
638,2019-07-18,14.921744346618652,-0.004815455353745168
639,2019-07-19,14.79338550567627,-0.00860213376939878
640,2019-07-22,14.90570068359375,0.007592256544276755
641,2019-07-23,14.937789916992188,0.0021528161660830936
642,2019-07-24,15.009990692138672,0.004833430885539114
643,2019-07-25,14.424354553222654,-0.03901642252334892
644,2019-07-26,14.472488403320312,0.0033369846754705
645,2019-07-29,14.37621784210205,-0.0066519701750926705
646,2019-07-30,14.472488403320312,0.006696515194443142
647,2019-07-31,14.336105346679688,-0.009423607940797218
648,2019-08-01,14.255882263183596,-0.00559587709186804
649,2019-08-02,14.231812477111815,-0.0016884108347290374
650,2019-08-05,13.975095748901367,-0.01803823150588235
651,2019-08-06,13.943005561828613,-0.0022962409452741413
652,2019-08-07,13.838715553283693,-0.007479736566298967
653,2019-08-08,14.159612655639648,0.023188358856022
654,2019-08-09,14.039277076721193,-0.008498507822565782
655,2019-08-12,13.89487361907959,-0.010285676167830715
656,2019-08-13,13.822669982910154,-0.0051964226626926005
657,2019-08-14,13.466167449951172,-0.02579114841052776
658,2019-08-15,13.571496963500975,0.007821788488912906
659,2019-08-16,13.741642951965332,0.012537009655010591
660,2019-08-19,13.871286392211914,0.009434347894189845
661,2019-08-20,13.863184928894045,-0.0005840455664167797
662,2019-08-21,13.71733856201172,-0.010520408378766331
663,2019-08-22,13.73354434967041,0.0011814090310178216
664,2019-08-23,13.563392639160154,-0.01238949729057659
665,2019-08-26,13.612009048461914,0.003584384128303863
666,2019-08-27,13.304117202758787,-0.02261913319385556
667,2019-08-28,13.263607025146484,-0.003044935413219485
668,2019-08-29,13.239300727844238,-0.0018325555978976336
669,2019-08-30,13.304117202758787,0.0048957627179078145
670,2019-09-03,13.190685272216795,-0.008526077214538573
671,2019-09-04,13.21499252319336,0.0018427587706730808
672,2019-09-05,13.255502700805664,0.0030654710958939453
673,2019-09-06,13.206889152526855,-0.003667423965433958
674,2019-09-09,13.48236846923828,0.020858758904531042
675,2019-09-10,13.741642951965332,0.01923063320206841
676,2019-09-11,14.041436195373535,0.021816404665449873
677,2019-09-12,13.98471736907959,-0.004039389240869329
678,2019-09-13,14.009269714355467,0.001755655450725202
679,2019-09-16,13.89470386505127,-0.00817786020543243
680,2019-09-17,13.935620307922365,0.002944750983431277
681,2019-09-18,13.92743682861328,-0.0005872346639950178
682,2019-09-19,13.951987266540527,0.0017627391335073297
683,2019-09-20,13.976534843444824,0.0017594322898477621
684,2019-09-23,13.935620307922365,-0.002927373342588413
685,2019-09-24,13.755594253540039,-0.012918409830668387
686,2019-09-25,13.837424278259276,0.00594885420513025
687,2019-09-26,13.747413635253904,-0.006504869778893196
688,2019-09-27,13.665583610534668,-0.005952394165939068
689,2019-09-30,13.706497192382812,0.002993913982320073
690,2019-10-01,13.542838096618652,-0.0119402567605027
691,2019-10-02,13.395543098449707,-0.0108762282409417
692,2019-10-03,13.461008071899414,0.004887071242171803
693,2019-10-04,13.559202194213867,0.007294707929002664
694,2019-10-07,13.649215698242188,0.006638554594807333
695,2019-10-08,13.649215698242188,0.0
696,2019-10-09,13.632848739624025,-0.0011991134860789288
697,2019-10-10,13.763776779174805,0.009603865050613836
698,2019-10-11,13.78857707977295,0.0018018528632104398
699,2019-10-14,13.829909324645994,0.0029975714414851584
700,2019-10-15,13.871244430541992,0.0029888197330647515
701,2019-10-16,13.962173461914062,0.006555218014316022
702,2019-10-17,13.93737506866455,-0.0017761126745170497
703,2019-10-18,13.92910861968994,-0.0005931137630927896
704,2019-10-21,14.02830696105957,0.007121657535889003
705,2019-10-22,14.102705001831055,0.005303422642376043
706,2019-10-23,14.16883659362793,0.004689284203866384
707,2019-10-24,13.90430736541748,-0.0186697917265426
708,2019-10-25,13.747241020202635,-0.011296236560873084
709,2019-10-28,13.738980293273926,-0.0006009007128462418
710,2019-10-29,13.805109024047852,0.004813219712259231
711,2019-10-30,13.69764518737793,-0.00778435262501187
712,2019-10-31,13.829909324645994,0.009655976298024171
713,2019-11-01,13.912578582763672,0.005977570508749031
714,2019-11-04,13.920841217041016,0.0005938966833638483
715,2019-11-05,13.86297607421875,-0.004156727450596254
716,2019-11-06,14.020036697387695,0.011329502577807515
717,2019-11-07,13.97044277191162,-0.0035373606037220062
718,2019-11-08,14.036572456359865,0.004733542488803755
719,2019-11-11,14.02830696105957,-0.0005888542467181733
720,2019-11-12,14.102705001831055,0.005303422642376043
721,2019-11-13,14.152305603027346,0.0035170983999062155
722,2019-11-14,14.043761253356935,-0.007669729068540687
723,2019-11-15,14.102205276489258,0.004161564845625021
724,2019-11-18,14.152304649353027,0.00355259137712971
725,2019-11-19,14.219100952148438,0.004719818040269663
726,2019-11-20,14.194052696228027,-0.0017615921009848101
727,2019-11-21,14.17735195159912,-0.0011766015659041562
728,2019-11-22,14.169004440307615,-0.0005887919916216512
729,2019-11-25,14.302593231201172,0.009428241162344976
730,2019-11-26,14.335993766784668,0.0023352782983880878
731,2019-11-27,14.344343185424805,0.0005824094775683798
732,2019-11-29,14.411136627197266,0.004656430824963032
733,2019-12-02,14.444534301757812,0.002317490661875921
734,2019-12-03,14.50298309326172,0.004046429624027015
735,2019-12-04,14.553078651428224,0.0034541554550786557
736,2019-12-05,14.50298309326172,-0.0034422653354923005
737,2019-12-06,14.603174209594727,0.0069083109101573115
738,2019-12-09,14.66997241973877,0.0045742253831468896
739,2019-12-10,14.728415489196776,0.003983856805304553
740,2019-12-11,14.686666488647461,-0.002834588729516585
741,2019-12-12,14.71171760559082,0.0017057047603501465
742,2019-12-13,14.75387191772461,0.002865356259813545
743,2019-12-16,14.618980407714846,-0.00914278711120653
744,2019-12-17,14.770732879638672,0.01038050997344131
745,2019-12-18,14.79602336883545,0.0017122027324480982
746,2019-12-19,14.812889099121096,0.001139882647196222
747,2019-12-20,14.871901512145994,0.00398385572389115
748,2019-12-23,14.838178634643555,-0.0022675565377364704
749,2019-12-24,14.981502532958984,0.009659130129408444
750,2019-12-26,15.057381629943848,0.005064852261509101
751,2019-12-27,15.10796356201172,0.0033592780810765
752,2019-12-30,14.956207275390625,-0.01004478770406092
753,2019-12-31,15.065810203552244,0.007328256832998203
754,2020-01-02,15.209132194519045,0.009513062293391215
755,2020-01-03,15.293439865112305,0.005543226892566588
756,2020-01-06,15.377750396728516,0.005512855993146547
757,2020-01-07,15.47049331665039,0.0060309809646543755
758,2020-01-08,15.49578094482422,0.0016345715457317669
759,2020-01-09,15.681260108947756,0.011969655791080893
760,2020-01-10,15.773992538452148,0.005913582764403014
761,2020-01-13,15.934184074401855,0.010155421055209056
762,2020-01-14,16.061792373657227,0.00800846147248757
763,2020-01-15,16.308502197265625,0.01536004313024386
764,2020-01-16,16.282981872558597,-0.001564847856555862
765,2020-01-17,16.163875579833984,-0.0073147715606893815
766,2020-01-21,16.231935501098633,0.0042106189773918334
767,2020-01-22,16.274473190307614,0.0026206171904823443
768,2020-01-23,16.257461547851562,-0.001045296044739685
769,2020-01-24,16.121343612670902,-0.00837264383372627
770,2020-01-27,16.002243041992188,-0.00738775709644357
771,2020-01-28,16.13835334777832,0.008505701696253531
772,2020-01-29,16.351037979125973,0.013178830997459423
773,2020-01-30,16.410591125488278,0.0036421630503415963
774,2020-01-31,16.385066986083984,-0.0015553455210184366
775,2020-02-03,16.504169464111328,0.007268964974540548
776,2020-02-04,16.529695510864258,0.0015466423080807699
777,2020-02-05,16.691333770751953,0.009778659248832255
778,2020-02-06,16.83595085144043,0.008664201595554255
779,2020-02-07,16.921031951904293,0.0050535369944124655
780,2020-02-10,17.176244735717773,0.015082577973901891
781,2020-02-11,17.388933181762695,0.012382709335914344
782,2020-02-12,17.074163436889652,-0.018101728356928137
783,2020-02-13,17.15138053894043,0.004522453023024564
784,2020-02-14,17.434516906738278,0.016508080335283504
785,2020-02-18,17.42593765258789,-0.0004920844205938968
786,2020-02-19,17.829198837280273,0.02314143392063017
787,2020-02-20,18.129499435424805,0.016843190817784404
788,2020-02-21,17.6575984954834,-0.02602945225389497
789,2020-02-24,17.503158569335938,-0.008746372061125163
790,2020-02-25,17.065582275390625,-0.024999847439644896
791,2020-02-26,17.117061614990234,0.0030165592224675737
792,2020-02-27,16.181846618652347,-0.054636421681094734
793,2020-02-28,15.512605667114258,-0.04135751421390155
794,2020-03-02,16.542203903198242,0.0663717146028322
795,2020-03-03,16.782442092895508,0.014522743831661966
796,2020-03-04,17.15138053894043,0.021983597142939404
797,2020-03-05,16.842496871948242,-0.018009259738065886
798,2020-03-06,16.473562240600586,-0.02190498440656563
799,2020-03-09,14.894848823547365,-0.09583315338818088
800,2020-03-10,15.289525032043455,0.0264974967635887
801,2020-03-11,14.05400562286377,-0.0808082269782947
802,2020-03-12,11.153974533081056,-0.20634907709619776
803,2020-03-13,11.849467277526855,0.062353804232120995
804,2020-03-16,10.22375202178955,-0.13719732859388198
805,2020-03-17,9.528255462646484,-0.06802752626049391
806,2020-03-18,6.1985836029052725,-0.3494524126472561
807,2020-03-19,5.789980888366699,-0.06591872284291878
808,2020-03-20,6.781059265136719,0.1711712691075209
809,2020-03-23,6.485475540161133,-0.04358960944276991
810,2020-03-24,6.92885160446167,0.06836446480368985
811,2020-03-25,7.667813777923584,0.10665002162639436
812,2020-03-26,10.006410598754883,0.30498873454182696
813,2020-03-27,9.606501579284668,-0.0399652818084415
814,2020-03-30,8.319839477539062,-0.1339365939958982
815,2020-03-31,7.659120559692383,-0.07941486366779216
816,2020-04-01,6.25074577331543,-0.1838820495643848
817,2020-04-02,5.816061973571777,-0.06954111005431174
818,2020-04-03,5.450929164886475,-0.06278007530601781
819,2020-04-06,6.615880012512207,0.21371601288273112
820,2020-04-07,6.737591743469237,0.018396907248445338
821,2020-04-08,7.389617443084718,0.09677429628286548
822,2020-04-09,7.9112372398376465,0.07058820037308777
823,2020-04-13,7.667813777923584,-0.0307693290612352
824,2020-04-14,7.641732692718506,-0.0034013717547716205
825,2020-04-15,7.215742588043213,-0.05574522451972197
826,2020-04-16,6.954932689666747,-0.036144567962920204
827,2020-04-17,7.528716087341309,0.08250020859685048
828,2020-04-20,7.207049369812013,-0.04272530851178491
829,2020-04-21,7.346148490905763,0.019300425729895883
830,2020-04-22,7.320066928863525,-0.0035503722902586743
831,2020-04-23,7.31137228012085,-0.0011877826838430086
832,2020-04-24,7.024481773376465,-0.03923894116627347
833,2020-04-27,7.224437713623048,0.028465578913513312
834,2020-04-28,7.70258903503418,0.06618526456522522
835,2020-04-29,7.980785846710205,0.036117312037638793
836,2020-04-30,7.685201644897461,-0.037036979501785305
837,2020-05-01,7.0157880783081055,-0.08710422933844664
838,2020-05-04,6.850609302520753,-0.023543866197735297
839,2020-05-05,7.033175945281982,0.02664969416575147
840,2020-05-06,6.668041706085205,-0.05191598248607987
841,2020-05-07,6.867995262145996,0.029986848444321312
842,2020-05-08,6.885384559631348,0.0025319320735694983
843,2020-05-11,6.511556148529053,-0.05429303299833554
844,2020-05-12,6.1985836029052725,-0.048064170604515184
845,2020-05-13,5.9812421798706055,-0.035063078431788686
846,2020-05-14,6.415925979614258,0.07267450249825136
847,2020-05-15,6.276827335357666,-0.02168021337817161
848,2020-05-18,6.78975248336792,0.08171726265607493
849,2020-05-19,6.720203876495361,-0.010243172640375886
850,2020-05-20,7.094031810760497,0.055627469216021685
851,2020-05-21,6.867995262145996,-0.031862917258369206
852,2020-05-22,6.963627815246582,0.013924376684951945
853,2020-05-26,7.346148490905763,0.054931234955100106
854,2020-05-27,7.41569709777832,0.009467356528207516
855,2020-05-28,7.102724552154541,-0.04220406274651423
856,2020-05-29,6.807140350341798,-0.04161560815744725
857,2020-06-01,7.128805160522461,0.0472540293905519
858,2020-06-02,6.954932689666747,-0.024390128070630457
859,2020-06-03,7.346148490905763,0.056250120410261006
860,2020-06-04,7.815605163574219,0.0639051433890323
861,2020-06-05,7.998173236846924,0.023359428918388936
862,2020-06-08,8.754521369934082,0.09456511014324187
863,2020-06-09,8.328532218933105,-0.04865933076181228
864,2020-06-10,7.954704761505128,-0.04488515474289245
865,2020-06-11,7.31137228012085,-0.08087446368814721
866,2020-06-12,7.812273025512695,0.06850981268643141
867,2020-06-15,8.023179054260254,0.026996756009268763
868,2020-06-16,8.040753364562987,0.00219044224039866
869,2020-06-17,8.023179054260254,-0.0021856546900426155
870,2020-06-18,7.996815204620361,-0.0032859605228295896
871,2020-06-19,7.900148391723633,-0.012088163903159477
872,2020-06-22,8.023179054260254,0.015573209063453941
873,2020-06-23,8.137417793273926,0.014238587751947527
874,2020-06-24,7.926512241363525,-0.025917994782660214
875,2020-06-25,8.339533805847168,0.052106342853839305
876,2020-06-26,8.111054420471191,-0.02739714121858716
877,2020-06-29,8.348322868347168,0.02925247884876025
878,2020-06-30,8.25165843963623,-0.011578903958954778
879,2020-07-01,8.119842529296875,-0.01597447486509951
880,2020-07-02,7.900148391723633,-0.02705645297683701
881,2020-07-06,8.190143585205076,0.03670756283328158
882,2020-07-07,7.961663246154785,-0.02789698821190689
883,2020-07-08,8.067116737365723,0.013245158448753623
884,2020-07-09,7.812273025512695,-0.03159043313116172
885,2020-07-10,8.093479156494139,0.035995430531306605
886,2020-07-13,7.970449447631836,-0.015201090468440204
887,2020-07-14,8.174821853637695,0.025641264943544902
888,2020-07-15,8.405850410461426,0.028260989775688476
889,2020-07-16,8.450277328491211,0.005285237764223627
890,2020-07-17,8.388079643249513,-0.007360431240758247
891,2020-07-20,8.450277328491211,0.007415008903945308
892,2020-07-21,8.645763397216799,0.023133686756821703
893,2020-07-22,8.859018325805664,0.02466582981642951
894,2020-07-23,8.441391944885254,-0.047141383566607575
895,2020-07-24,8.32587718963623,-0.013684325523945716
896,2020-07-27,8.245907783508299,-0.009604922617339915
897,2020-07-28,8.245907783508299,0.0
898,2020-07-29,8.370307922363281,0.015086287904380937
899,2020-07-30,8.334763526916504,-0.004246486004632177
900,2020-07-31,8.299221992492676,-0.004264252286108604
901,2020-08-03,8.361420631408691,0.007494514422228926
902,2020-08-04,8.237022399902344,-0.014877643045376754
903,2020-08-05,8.42362117767334,0.0226536688516481
904,2020-08-06,8.370307922363281,-0.0063290186234115095
905,2020-08-07,8.556905746459961,0.022292826718852018
906,2020-08-10,8.7968168258667,0.028037130069592082
907,2020-08-11,8.601333618164062,-0.022222039127588245
908,2020-08-12,8.663534164428711,0.007231500256343448
909,2020-08-13,8.690191268920897,0.003076931883253309
910,2020-08-14,8.770987510681152,0.009297406611660008
911,2020-08-17,8.627347946166992,-0.01637666959840478
912,2020-08-18,8.546550750732424,-0.009365241316187543
913,2020-08-19,8.609393119812013,0.0073529510222827285
914,2020-08-20,8.627347946166992,0.0020854926828304254
915,2020-08-21,8.591439247131348,-0.004162194368386163
916,2020-08-24,8.797919273376465,0.02403322892774451
917,2020-08-25,8.815876007080078,0.0020410205124241627
918,2020-08-26,8.726101875305176,-0.010183234394722018
919,2020-08-27,8.762012481689451,0.004115309091898389
920,2020-08-28,8.860763549804688,0.011270363780193415
921,2020-08-31,8.699169158935549,-0.018237072906961967
922,2020-09-01,8.788942337036133,0.010319741628241674
923,2020-09-02,8.762012481689451,-0.0030640609886812826
924,2020-09-03,8.609393119812013,-0.017418299984892305
925,2020-09-04,8.663257598876951,0.0062564780484914975
926,2020-09-08,8.762012481689451,0.011399278122042887
927,2020-09-09,8.869741439819336,0.012295001673989114
928,2020-09-10,8.779965400695799,-0.010121607234287677
929,2020-09-11,8.833830833435059,0.006135039294686839
930,2020-09-14,8.988014221191406,0.017453740134210083
931,2020-09-15,8.815691947937012,-0.019172452225109216
932,2020-09-16,8.906387329101562,0.010287948093033572
933,2020-09-17,9.03336238861084,0.014256628958229543
934,2020-09-18,8.951736450195312,-0.009036052679392115
935,2020-09-21,8.61616039276123,-0.037487258399654944
936,2020-09-22,8.588951110839844,-0.0031579358648251565
937,2020-09-23,8.316861152648926,-0.03167906705715462
938,2020-09-24,8.353139877319336,0.004362069295680726
939,2020-09-25,8.48011589050293,0.01520099208782111
940,2020-09-28,8.770342826843263,0.03422440684629868
941,2020-09-29,8.588951110839844,-0.020682397436989186
942,2020-09-30,8.62523078918457,0.004223994044969981
943,2020-10-01,8.661508560180664,0.004206005831355109
944,2020-10-02,8.870109558105469,0.02408367970491887
945,2020-10-05,8.915456771850586,0.005112362304891649
946,2020-10-06,8.842899322509766,-0.008138388329121948
947,2020-10-07,8.906387329101562,0.007179546467320551
948,2020-10-08,9.06964111328125,0.018329966814519368
949,2020-10-09,8.9789457321167,-0.00999988643781502
950,2020-10-12,9.060571670532227,0.009090815430987664
951,2020-10-13,9.015222549438477,-0.005005105940637189
952,2020-10-14,8.96025276184082,-0.006097441000064929
953,2020-10-15,8.93276596069336,-0.003067636804233831
954,2020-10-16,8.77701473236084,-0.01743594638187862
955,2020-10-19,8.612103462219237,-0.018788993202161985
956,2020-10-20,8.630428314208983,0.0021278021182786766
957,2020-10-21,8.639588356018066,0.0010613658413687332
958,2020-10-22,8.93276596069336,0.033934209894511236
959,2020-10-23,9.106841087341307,0.01948725931183315
960,2020-10-26,8.93276596069336,-0.01911476493093911
961,2020-10-27,8.850311279296875,-0.009230587900691423
962,2020-10-28,8.667074203491211,-0.02070402610971456
963,2020-10-29,8.795340538024902,0.014799265763990375
964,2020-10-30,8.740368843078612,-0.006250092842753685
965,2020-11-02,8.969413757324219,0.02620540601407062
966,2020-11-03,8.987737655639648,0.002042931546163418
967,2020-11-04,9.006061553955078,0.002038766485794375
968,2020-11-05,9.088518142700195,0.009155676790695066
969,2020-11-06,8.923605918884277,-0.01814511686356413
970,2020-11-09,9.152649879455566,0.0256671980646952
971,2020-11-10,9.482477188110352,0.03603626414194317
972,2020-11-11,9.354209899902344,-0.013526770026806578
973,2020-11-12,9.326725959777832,-0.002938135921538243
974,2020-11-13,9.40999984741211,0.008928523041569214
975,2020-11-16,9.6505708694458,0.025565465030252144
976,2020-11-17,9.761602401733398,0.0115051776511097
977,2020-11-18,9.622811317443848,-0.014218063651609603
978,2020-11-19,9.706084251403807,0.008653701211932319
979,2020-11-20,9.724590301513672,0.0019066442893476145
980,2020-11-23,9.93740463256836,0.0218841436457804
981,2020-11-24,10.168721199035645,0.023277362150392774
982,2020-11-25,9.946656227111816,-0.021838043110562144
983,2020-11-27,10.066941261291504,0.012093012107106338
984,2020-11-30,9.78936004638672,-0.027573540730997825
985,2020-12-01,9.863381385803224,0.007561407391877939
986,2020-12-02,9.974413871765137,0.011257040726593727
987,2020-12-03,10.076194763183594,0.010204197733018729
988,2020-12-04,10.372281074523926,0.029384734842777368
989,2020-12-07,10.289006233215332,-0.008028594743072603
990,2020-12-08,10.363027572631836,0.007194216597667723
991,2020-12-09,10.251995086669922,-0.010714290315616326
992,2020-12-10,10.224237442016602,-0.002707535891176116
993,2020-12-11,10.187226295471193,-0.0036199420010837313
994,2020-12-14,10.075176239013672,-0.010999074056824876
995,2020-12-15,10.168553352355957,0.00926803771240303
996,2020-12-16,10.084514617919922,-0.008264571323369663
997,2020-12-17,10.140538215637207,0.0055554084494788825
998,2020-12-18,9.944450378417967,-0.01933702462822562
999,2020-12-21,10.00047779083252,0.005634038109953997
1000,2020-12-22,9.925777435302734,-0.007469678658580059
1001,2020-12-23,10.140538215637207,0.02163667095442201
1002,2020-12-24,10.00047779083252,-0.013811932051960296
1003,2020-12-28,10.047164916992188,0.0046684895598154705
1004,2020-12-29,10.00047779083252,-0.00464679604101137
1005,2020-12-30,10.02849006652832,0.002801093735889326
1006,2020-12-31,10.075176239013672,0.004655354113693999
1007,2021-01-04,9.907100677490234,-0.016682146052453772
1008,2021-01-05,9.916437149047852,0.0009424020065558203
1009,2021-01-06,10.103189468383787,0.01883260252941432
1010,2021-01-07,10.149876594543457,0.004621028468858146
1011,2021-01-08,10.336627006530762,0.018399279069826413
1012,2021-01-11,10.336627006530762,0.0
1013,2021-01-12,10.34596347808838,0.0009032416040279934
1014,2021-01-13,10.34596347808838,0.0
1015,2021-01-14,10.402501106262207,0.005464704016553634
1016,2021-01-15,10.355386734008787,-0.004529138884210915
1017,2021-01-19,10.345964431762695,-0.0009098938058148543
1018,2021-01-20,10.459035873413086,0.010929038312103012
1019,2021-01-21,10.562684059143066,0.00990991779590833
1020,2021-01-22,10.656908988952637,0.008920547966973391
1021,2021-01-25,10.817092895507812,0.015030991324147312
1022,2021-01-26,10.883050918579102,0.006097573877606344
1023,2021-01-27,10.628641128540039,-0.02337669757703187
1024,2021-01-28,10.647486686706543,0.0017730919633649476
1025,2021-01-29,10.52499294281006,-0.011504474952705679
1026,2021-02-01,10.760557174682617,0.02238141470997168
1027,2021-02-02,10.930163383483887,0.015761842630260592
1028,2021-02-03,10.873626708984377,-0.0051725369983892655
1029,2021-02-04,10.93958568572998,0.006065959271077892
1030,2021-02-05,11.14688205718994,0.018949197658405303
1031,2021-02-08,11.175148963928224,0.0025358577038188113
1032,2021-02-09,11.241108894348145,0.005902375944412786
1033,2021-02-10,11.39186954498291,0.013411546142975794
1034,2021-02-11,11.448402404785154,0.0049625620780693325
1035,2021-02-12,11.476903915405273,0.002489562264880396
1036,2021-02-16,11.552911758422852,0.006622678344074373
1037,2021-02-17,11.400899887084961,-0.013157883875211218
1038,2021-02-18,11.039871215820312,-0.03166668200232381
1039,2021-02-19,11.305890083312988,0.02409619299829036
1040,2021-02-22,11.419900894165039,0.010084195937861251
1041,2021-02-23,11.239387512207033,-0.015806913179976734
1042,2021-02-24,11.619415283203125,0.03381214239506791
1043,2021-02-25,11.410402297973633,-0.017988253292886336
1044,2021-02-26,11.46740436553955,0.004995622948021915
1045,2021-03-01,11.56241226196289,0.008285039351088486
1046,2021-03-02,11.685921669006348,0.010681975719700755
1047,2021-03-03,11.571913719177244,-0.009756008388407844
1048,2021-03-04,11.277389526367188,-0.02545164092625096
1049,2021-03-05,11.220385551452637,-0.00505471366234822
1050,2021-03-08,11.448402404785154,0.02032165938388797
1051,2021-03-09,11.495908737182615,0.004149603649292065
1052,2021-03-10,11.571913719177244,0.006611480982690488
1053,2021-03-11,11.590913772583008,0.0016419110846181972
1054,2021-03-12,11.65796947479248,0.005785195500986662
1055,2021-03-15,11.753763198852539,0.008217016202280325
1056,2021-03-16,11.629232406616213,-0.010594972021257254
1057,2021-03-17,11.763341903686525,0.01153210223866652
1058,2021-03-18,11.543017387390135,-0.01872975537906818
1059,2021-03-19,11.58133602142334,0.003319637556386645
1060,2021-03-22,11.63881015777588,0.004962651653162009
1061,2021-03-23,11.552597999572756,-0.0074072999760655955
1062,2021-03-24,11.533438682556152,-0.0016584422843513025
1063,2021-03-25,11.677127838134766,0.012458483504658169
1064,2021-03-26,11.763341903686525,0.007383156778519195
1065,2021-03-29,11.58133602142334,-0.015472293822059726
1066,2021-03-30,11.811237335205078,0.01985101834161984
1067,2021-03-31,11.68670654296875,-0.010543416299420794
1068,2021-04-01,11.772920608520508,0.007377105366235703
1069,2021-04-05,11.734603881835938,-0.0032546492037701658
1070,2021-04-06,11.696287155151367,-0.003265276533439776
1071,2021-04-07,11.72502326965332,0.0024568578148576052
1072,2021-04-08,11.801657676696776,0.006535970571742933
1073,2021-04-09,11.68670654296875,-0.0097402531811277
1074,2021-04-12,11.907031059265135,0.018852575401488325
1075,2021-04-13,11.983664512634276,0.006435983326801732
1076,2021-04-14,11.819503784179688,-0.013698708628025693
1077,2021-04-15,11.809846878051758,-0.0008170314341668927
1078,2021-04-16,11.887099266052244,0.0065413539056173855
1079,2021-04-19,11.751909255981445,-0.011372834284044451
1080,2021-04-20,11.693970680236815,-0.004930141518506126
1081,2021-04-21,11.607062339782715,-0.007431893137972213
1082,2021-04-22,11.655344009399414,0.00415968039141279
1083,2021-04-23,11.780878067016602,0.010770515011478963
1084,2021-04-26,11.751909255981445,-0.0024589687517657666
1085,2021-04-27,11.838817596435547,0.007395252853051648
1086,2021-04-28,11.916069984436035,0.006525346587293202
1087,2021-04-29,11.906412124633787,-0.00081049035586922
1088,2021-04-30,12.00297737121582,0.008110356467692316
1089,2021-05-03,11.916069984436035,-0.007240485763823634
1090,2021-05-04,11.819503784179688,-0.008103863134613642
1091,2021-05-05,11.848474502563475,0.002451094302500678
1092,2021-05-06,11.829161643981935,-0.0016299869301622527
1093,2021-05-07,11.887099266052244,0.004897863755187082
1094,2021-05-10,11.71328353881836,-0.0146222155080572
1095,2021-05-11,11.684314727783205,-0.002473158866098557
1096,2021-05-12,11.317368507385256,-0.031405027076634395
1097,2021-05-13,11.616718292236328,0.026450476067447104
1098,2021-05-14,11.70435619354248,0.007544118666002353
1099,2021-05-17,11.665404319763185,-0.0033279808931981907
1100,2021-05-18,11.723830223083494,0.0050084764932945
1101,2021-05-19,11.70435619354248,-0.0016610637624784321
1102,2021-05-20,11.675142288208008,-0.0024959856698987264
1103,2021-05-21,11.597243309020994,-0.006672208120811707
1104,2021-05-24,11.665404319763185,0.005877345928335442
1105,2021-05-25,11.587505340576172,-0.0066777779022232355
1106,2021-05-26,11.63619327545166,0.004201761590995501
1107,2021-05-27,11.665404319763185,0.0025103608731860128
1108,2021-05-28,11.675142288208008,0.0008347733330018593
1109,2021-06-01,11.762778282165527,0.007506203504348941
1110,2021-06-02,11.743305206298828,-0.0016554826929131572
1111,2021-06-03,11.70435619354248,-0.003316699351001873
1112,2021-06-04,11.723830223083494,0.001663827486022562
1113,2021-06-07,11.743305206298828,0.001661145107423101
1114,2021-06-08,11.762778282165527,0.0016582278604369005
1115,2021-06-09,11.840678215026855,0.006622579376458937
1116,2021-06-10,11.811466217041016,-0.002467088240669102
1117,2021-06-11,11.684879302978516,-0.010717290447808005
1118,2021-06-14,11.616145133972168,-0.005882317414166782
1119,2021-06-15,11.341207504272461,-0.023668577357529245
1120,2021-06-16,11.311750411987305,-0.0025973506149199466
1121,2021-06-17,11.09572696685791,-0.01909726057078398
1122,2021-06-18,10.99753475189209,-0.008849552197806698
1123,2021-06-21,11.292110443115234,0.026785611309158464
1124,2021-06-22,11.233195304870604,-0.0052173717695571655
1125,2021-06-23,11.233195304870604,0.0
1126,2021-06-24,11.30193042755127,0.006118928836825521
1127,2021-06-25,11.360845565795898,0.005212838516596152
1128,2021-06-28,11.30193042755127,-0.005185805748650019
1129,2021-06-29,11.193918228149414,-0.009556969058891808
1130,2021-06-30,11.213557243347168,0.0017544361855679202
1131,2021-07-01,11.282291412353516,0.006129559738692779
1132,2021-07-02,11.233195304870604,-0.004351607815160197
1133,2021-07-06,11.174281120300293,-0.0052446506066502465
1134,2021-07-07,11.036810874938963,-0.012302379354998337
1135,2021-07-08,11.066268920898438,0.0026690722794175947
1136,2021-07-09,11.331388473510742,0.02395744713122161
1137,2021-07-12,11.409941673278807,0.006932354314009848
1138,2021-07-13,11.085907936096193,-0.028399245715819525
1139,2021-07-14,10.798604011535645,-0.025916138417952598
1140,2021-07-15,10.818418502807617,0.0018349122952194816
1141,2021-07-16,10.86795425415039,0.0045788348204423
1142,2021-07-19,10.610372543334961,-0.02370103009193847
1143,2021-07-20,10.828326225280762,0.020541567325335075
1144,2021-07-21,10.877860069274902,0.004574469125107727
1145,2021-07-22,10.640092849731444,-0.02185790385510156
1146,2021-07-23,10.164558410644533,-0.04469269637049389
1147,2021-07-26,10.481581687927246,0.031189085100905126
1148,2021-07-27,10.332977294921877,-0.01417766873644011
1149,2021-07-28,10.184371948242188,-0.01438165810668346
1150,2021-07-29,10.441953659057617,0.02529186012887985
1151,2021-07-30,10.303255081176758,-0.013282818753035608
1152,2021-08-02,10.263628005981444,-0.003846073389729976
1153,2021-08-03,10.293349266052246,0.0028957850044333266
1154,2021-08-04,10.184371948242188,-0.010587158270191854
1155,2021-08-05,10.293349266052246,0.010700445581120821
1156,2021-08-06,10.402325630187988,0.010587065620628387
1157,2021-08-09,10.36269760131836,-0.0038095355095043577
1158,2021-08-10,10.50139617919922,0.01338440850220457
1159,2021-08-11,10.58065128326416,0.0075471016151096295
1160,2021-08-12,10.649999618530273,0.0065542596017509345
1161,2021-08-13,10.579999923706056,-0.006572741533475979
1162,2021-08-16,10.529999732971193,-0.004725915982554119
1163,2021-08-17,10.550000190734863,0.001899378753168035
1164,2021-08-18,10.489999771118164,-0.005687243462743519
1165,2021-08-19,10.3100004196167,-0.01715913779112299
